{
	"camera": {
		"cameraEye": [
			64.0,
			128.0,
			64.0
		],
		"pitch": -80.0,
		"yaw": -90.0,
		"cameraSpeed": 20.0
	},
	"gameObjects": [
		{
			"type": "basic",
			"name": "ground",
			"graphics": {
				"lighting": true,
				"texture": {
					"textures": [
						{
							"blend": 1.0,
							"name": "terrain_texture.bmp",
							"tiling": 10.0
						}
					]
				}
			},
			"mesh": {
				"meshName": "plane",
				"scale": 1.0
			},
			"transform": {
				"position": [ 128.0, 0.0, 128.0 ],
				"orientation": [ 0.0, 0.0, 0.0, 1.0 ]
			}
		}
	],
	"lights": [
		{
			"atten": [
				0.0,
				0.0,
				0.0,
				0.0
			],
			"diffuse": [
				0.89999997615814209,
				0.89999997615814209,
				0.89999997615814209,
				1.0
			],
			"direction": [
				0.5,
				0.75,
				1.0,
				1.0
			],
			"param1": [
				2.0,
				0.0,
				0.0,
				0.0
			],
			"param2": [
				1.0,
				0.0,
				0.0,
				0.0
			],
			"position": [
				0.0,
				0.0,
				0.0,
				1.0
			],
			"specular": [
				0.0,
				0.0,
				0.0,
				0.0
			]
		},
		{
			"atten": [
				0.0,
				0.019999999552965164,
				0.0,
				10000.0
			],
			"diffuse": [
				1.0,
				1.0,
				1.0,
				1.0
			],
			"direction": [
				0.0,
				0.0,
				0.0,
				1.0
			],
			"param1": [
				0.0,
				0.0,
				0.0,
				0.0
			],
			"param2": [
				1.0,
				0.0,
				0.0,
				0.0
			],
			"position": [
				0.0,
				200.0,
				0.0,
				0.0
			],
			"specular": [
				1.0,
				1.0,
				1.0,
				100.0
			]
		}
	],
	"world": {
		"ambience": [
			0.22,
			0.22,
			0.22,
			1.0
		],
		"factoryType": "Basic",
		"gravity": [
			0.0,
			0.0,
			0.0
		]
	}
}