{
	"camera" : 
	{
		"cameraEye" : 
		[
			5.6490497589111328,
			25.714485168457031,
			28.743263244628906
		],
		"cameraFront" : 
		[
			-0.17122273147106171,
			-0.34366303682327271,
			-0.92335188388824463
		],
		"cameraUp" : 
		[
			0.0,
			1.0,
			0.0
		],
		"pitch" : -20.100202560424805,
		"yaw" : 1339.49462890625
	},
	"gameObjects" : 
	[
		{
			"acceleration" : 
			[
				0.0,
				0.0,
				0.0
			],
			"bounciness" : 0.0,
			"collisionObjectInfo" : 
			{
				"mesh" : "terrain"
			},
			"collisionShapeType" : 6,
			"color" : 
			[
				0.20000000298023224,
				0.30000001192092896,
				0.20000000298023224,
				1.0
			],
			"inverseMass" : 0.0,
			"meshName" : "terrain",
			"name" : "terrain1",
			"position" : 
			[
				0.0,
				0.0,
				0.0
			],
			"rotation" : 
			[
				0.0,
				0.0,
				0.0
			],
			"scale" : 1.0,
			"specular" : 
			[
				1.0,
				1.0,
				1.0,
				10000000.0
			],
			"type" : "basic",
			"velocity" : 
			[
				0.0,
				0.0,
				0.0
			],
			"visible" : true,
			"wireFrame" : false
		},
		{
			"acceleration" : 
			[
				0.0,
				0.0,
				0.0
			],
			"bounciness" : 0.0,
			"collisionObjectInfo" : {},
			"collisionShapeType" : 0,
			"color" : 
			[
				1.0,
				1.0,
				1.0,
				1.0
			],
			"inverseMass" : 0.0,
			"meshName" : "bunny",
			"name" : "bunny1",
			"position" : 
			[
				3.5515725612640381,
				16.302209854125977,
				10.448898315429688
			],
			"rotation" : 
			[
				0.3921712338924408,
				-0.066834479570388794,
				-0.19267949461936951
			],
			"scale" : 1.2697343826293945,
			"specular" : 
			[
				1.0,
				1.0,
				1.0,
				10000.0
			],
			"type" : "basic",
			"velocity" : 
			[
				0.0,
				0.0,
				0.0
			],
			"visible" : true,
			"wireFrame" : false
		},
		{
			"acceleration" : 
			[
				0.0,
				0.0,
				0.0
			],
			"bounciness" : 0.0,
			"collisionObjectInfo" : {},
			"collisionShapeType" : 0,
			"color" : 
			[
				0.69999998807907104,
				0.69999998807907104,
				0.69999998807907104,
				1.0
			],
			"inverseMass" : 0.0,
			"meshName" : "temple",
			"name" : "temple1",
			"position" : 
			[
				-66.854194641113281,
				5.3009548187255859,
				-43.357067108154297
			],
			"rotation" : 
			[
				-0.030490875244140625,
				0.94248723983764648,
				0.012445449829101563
			],
			"scale" : 1.1961474418640137,
			"specular" : 
			[
				1.0,
				1.0,
				1.0,
				10000.0
			],
			"type" : "basic",
			"velocity" : 
			[
				0.0,
				0.0,
				0.0
			],
			"visible" : true,
			"wireFrame" : false
		},
		{
			"acceleration" : 
			[
				0.0,
				0.0,
				0.0
			],
			"bounciness" : 0.0,
			"collisionObjectInfo" : {},
			"collisionShapeType" : 0,
			"color" : 
			[
				1.0,
				0.40000000596046448,
				0.0,
				1.0
			],
			"inverseMass" : 0.0,
			"meshName" : "carrot",
			"name" : "carrot1",
			"position" : 
			[
				2.3160204887390137,
				16.154985427856445,
				10.604386329650879
			],
			"rotation" : 
			[
				0.20826065540313721,
				0.0,
				-0.016706127673387527
			],
			"scale" : 0.79272794723510742,
			"specular" : 
			[
				1.0,
				1.0,
				1.0,
				10000.0
			],
			"type" : "basic",
			"velocity" : 
			[
				0.0,
				0.0,
				0.0
			],
			"visible" : true,
			"wireFrame" : false
		},
		{
			"acceleration" : 
			[
				0.0,
				0.0,
				0.0
			],
			"bounciness" : 0.0,
			"collisionObjectInfo" : {},
			"collisionShapeType" : 0,
			"color" : 
			[
				1.0,
				0.40000000596046448,
				0.0,
				1.0
			],
			"inverseMass" : 0.0,
			"meshName" : "carrot",
			"name" : "carrot2",
			"position" : 
			[
				2.7974071502685547,
				15.847650527954102,
				10.753349304199219
			],
			"rotation" : 
			[
				-2.6830816268920898,
				-0.23308649659156799,
				2.8827540874481201
			],
			"scale" : 0.6838524341583252,
			"specular" : 
			[
				1.0,
				1.0,
				1.0,
				10000.0
			],
			"type" : "basic",
			"velocity" : 
			[
				0.0,
				0.0,
				0.0
			],
			"visible" : true,
			"wireFrame" : false
		},
		{
			"acceleration" : 
			[
				0.0,
				0.0,
				0.0
			],
			"bounciness" : 0.0,
			"collisionObjectInfo" : {},
			"collisionShapeType" : 0,
			"color" : 
			[
				0.10000000149011612,
				0.80000001192092896,
				0.10000000149011612,
				1.0
			],
			"inverseMass" : 0.0,
			"meshName" : "fir_tree",
			"name" : "firtree1",
			"position" : 
			[
				6.9012026786804199,
				14.352358818054199,
				1.0
			],
			"rotation" : 
			[
				-0.00022918358445167542,
				0.0,
				-0.16522654891014099
			],
			"scale" : 2.2654378414154053,
			"specular" : 
			[
				1.0,
				1.0,
				1.0,
				10000.0
			],
			"type" : "basic",
			"velocity" : 
			[
				0.0,
				0.0,
				0.0
			],
			"visible" : true,
			"wireFrame" : false
		},
		{
			"acceleration" : 
			[
				0.0,
				0.0,
				0.0
			],
			"bounciness" : 0.0,
			"collisionObjectInfo" : {},
			"collisionShapeType" : 0,
			"color" : 
			[
				0.10000000149011612,
				0.80000001192092896,
				0.10000000149011612,
				1.0
			],
			"inverseMass" : 0.0,
			"meshName" : "fir_tree",
			"name" : "firtree2",
			"position" : 
			[
				-3.5397944450378418,
				17.200345993041992,
				-10.398769378662109
			],
			"rotation" : 
			[
				0.8836243748664856,
				-1.2911587953567505,
				0.88298952579498291
			],
			"scale" : 1.6757456064224243,
			"specular" : 
			[
				1.0,
				1.0,
				1.0,
				10000.0
			],
			"type" : "basic",
			"velocity" : 
			[
				0.0,
				0.0,
				0.0
			],
			"visible" : true,
			"wireFrame" : false
		},
		{
			"acceleration" : 
			[
				0.0,
				0.0,
				0.0
			],
			"bounciness" : 0.0,
			"collisionObjectInfo" : {},
			"collisionShapeType" : 0,
			"color" : 
			[
				0.10000000149011612,
				0.80000001192092896,
				0.10000000149011612,
				1.0
			],
			"inverseMass" : 0.0,
			"meshName" : "fir_tree",
			"name" : "firtree3",
			"position" : 
			[
				-8.4406147003173828,
				10.553780555725098,
				14.09876537322998
			],
			"rotation" : 
			[
				-0.017204081639647484,
				-0.033347856253385544,
				0.17694281041622162
			],
			"scale" : 1.7799054384231567,
			"specular" : 
			[
				1.0,
				1.0,
				1.0,
				10000.0
			],
			"type" : "basic",
			"velocity" : 
			[
				0.0,
				0.0,
				0.0
			],
			"visible" : true,
			"wireFrame" : false
		},
		{
			"acceleration" : 
			[
				0.0,
				0.0,
				0.0
			],
			"bounciness" : 0.0,
			"collisionObjectInfo" : {},
			"collisionShapeType" : 0,
			"color" : 
			[
				1.0,
				0.20000000298023224,
				0.20000000298023224,
				0.5
			],
			"inverseMass" : 0.0,
			"meshName" : "crystal",
			"name" : "redcrystal1",
			"position" : 
			[
				11.949777603149414,
				13.898983001708984,
				1.0
			],
			"rotation" : 
			[
				0.017920756712555885,
				0.0,
				-0.40936776995658875
			],
			"scale" : 1.0934665203094482,
			"specular" : 
			[
				1.0,
				1.0,
				1.0,
				10.0
			],
			"type" : "basic",
			"velocity" : 
			[
				0.0,
				0.0,
				0.0
			],
			"visible" : true,
			"wireFrame" : false
		},
		{
			"acceleration" : 
			[
				0.0,
				0.0,
				0.0
			],
			"bounciness" : 0.0,
			"collisionObjectInfo" : {},
			"collisionShapeType" : 0,
			"color" : 
			[
				1.0,
				0.20000000298023224,
				0.20000000298023224,
				0.5
			],
			"inverseMass" : 0.0,
			"meshName" : "crystal",
			"name" : "redcrystal2",
			"position" : 
			[
				-0.90017271041870117,
				16.50562858581543,
				16.944831848144531
			],
			"rotation" : 
			[
				0.0,
				-1.6999657154083252,
				0.15913031995296478
			],
			"scale" : 1.0,
			"specular" : 
			[
				1.0,
				1.0,
				1.0,
				10.0
			],
			"type" : "basic",
			"velocity" : 
			[
				0.0,
				0.0,
				0.0
			],
			"visible" : true,
			"wireFrame" : false
		},
		{
			"acceleration" : 
			[
				0.0,
				0.0,
				0.0
			],
			"bounciness" : 0.0,
			"collisionObjectInfo" : {},
			"collisionShapeType" : 0,
			"color" : 
			[
				1.0,
				0.20000000298023224,
				0.20000000298023224,
				0.5
			],
			"inverseMass" : 0.0,
			"meshName" : "crystal",
			"name" : "redcrystal3",
			"position" : 
			[
				-6.9452486038208008,
				11.698798179626465,
				1.0
			],