{
	"camera" : 
	{
		"cameraEye" : 
		[
			0.0,
			30.504032135009766,
			10.0
		],
		"cameraFront" : 
		[
			0.030938958749175072,
			-0.79122358560562134,
			-0.61074399948120117
		],
		"cameraUp" : 
		[
			0.0,
			1.0,
			0.0
		],
		"pitch" : -52.299995422363281,
		"yaw" : -87.099998474121094
	},
	"gameObjects" : 
	[
		{
			"acceleration" : 
			[
				0.0,
				0.0,
				0.0
			],
			"bounciness" : 0.0,
			"collisionObjectInfo" : 
			{
				"max" : 
				[
					10.5,
					125.5,
					0.5
				],
				"min" : 
				[
					9.5,
					124.5,
					-0.5
				]
			},
			"collisionShapeType" : 1,
			"color" : 
			[
				0.10000000149011612,
				0.10000000149011612,
				1.0,
				1.0
			],
			"inverseMass" : 0.0,
			"meshName" : "cube",
			"name" : "",
			"position" : 
			[
				2.0,
				25.0,
				0.0
			],
			"rotation" : 
			[
				0.0,
				0.0,
				0.0
			],
			"scale" : 1.0,
			"specular" : 
			[
				1.0,
				1.0,
				1.0,
				1.0
			],
			"velocity" : 
			[
				0.0,
				0.0,
				0.0
			],
			"visible" : true,
			"wireFrame" : false
		},
		{
			"acceleration" : 
			[
				0.0,
				0.0,
				0.0
			],
			"bounciness" : 0.0,
			"collisionObjectInfo" : 
			{
				"mesh" : "terrain"
			},
			"collisionShapeType" : 6,
			"color" : 
			[
				0.69999998807907104,
				0.69999998807907104,
				0.69999998807907104,
				1.0
			],
			"inverseMass" : 0.0,
			"meshName" : "terrain",
			"name" : "",
			"position" : 
			[
				0.0,
				0.0,
				0.0
			],
			"rotation" : 
			[
				0.0,
				0.0,
				0.0
			],
			"scale" : 1.0,
			"specular" : 
			[
				1.0,
				1.0,
				1.0,
				1000.0
			],
			"velocity" : 
			[
				0.0,
				0.0,
				0.0
			],
			"visible" : true,
			"wireFrame" : false
		},
		{
			"acceleration" : 
			[
				0.0,
				-1.0,
				0.0
			],
			"bounciness" : 0.80000001192092896,
			"collisionObjectInfo" : 
			{
				"radius" : 0.5
			},
			"collisionShapeType" : 3,
			"color" : 
			[
				1.0,
				0.20000000298023224,
				1.0,
				1.0
			],
			"inverseMass" : 1.0,
			"meshName" : "sphere",
			"name" : "",
			"position" : 
			[
				-28.135349273681641,
				10.216863632202148,
				1.5950745344161987
			],
			"rotation" : 
			[
				0.0,
				0.0,
				0.0
			],
			"scale" : 1.0,
			"specular" : 
			[
				1.0,
				1.0,
				1.0,
				10.0
			],
			"velocity" : 
			[
				-4.150846004486084,
				-0.40279296040534973,
				0.48973464965820313
			],
			"visible" : true,
			"wireFrame" : false
		},
		{
			"acceleration" : 
			[
				0.0,
				-1.0,
				0.0
			],
			"bounciness" : 0.80000001192092896,
			"collisionObjectInfo" : 
			{
				"radius" : 0.5
			},
			"collisionShapeType" : 3,
			"color" : 
			[
				1.0,
				0.20000000298023224,
				0.5,
				1.0
			],
			"inverseMass" : 1.0,
			"meshName" : "sphere",
			"name" : "",
			"position" : 
			[
				-24.564872741699219,
				16.982110977172852,
				0.013404537923634052
			],
			"rotation" : 
			[
				0.0,
				0.0,
				0.0
			],
			"scale" : 1.0,
			"specular" : 
			[
				1.0,
				1.0,
				1.0,
				10.0
			],
			"velocity" : 
			[
				-2.8625209331512451,
				0.076077789068222046,
				0.0040181069634854794
			],
			"visible" : true,
			"wireFrame" : false
		},
		{
			"acceleration" : 
			[
				0.0,
				-1.0,
				0.0
			],
			"bounciness" : 0.80000001192092896,
			"collisionObjectInfo" : 
			{
				"radius" : 0.5
			},
			"collisionShapeType" : 3,
			"color" : 
			[
				0.80000001192092896,
				0.20000000298023224,
				1.0,
				1.0
			],
			"inverseMass" : 1.0,
			"meshName" : "sphere",
			"name" : "",
			"position" : 
			[
				-13.167534828186035,
				8.1670932769775391,
				-1.1922825574874878
			],
			"rotation" : 
			[
				0.0,
				0.0,
				0.0
			],
			"scale" : 1.0,
			"specular" : 
			[
				1.0,
				1.0,
				1.0,
				10.0
			],
			"velocity" : 
			[
				-2.7349269390106201,
				-1.8491529226303101,
				-0.13262833654880524
			],
			"visible" : true,
			"wireFrame" : false
		},
		{
			"acceleration" : 
			[
				0.0,
				-1.0,
				0.0
			],
			"bounciness" : 0.80000001192092896,
			"collisionObjectInfo" : 
			{
				"radius" : 0.5
			},
			"collisionShapeType" : 3,
			"color" : 
			[
				0.80000001192092896,
				0.20000000298023224,
				0.5,
				1.0
			],
			"inverseMass" : 1.0,
			"meshName" : "sphere",
			"name" : "",
			"position" : 
			[
				-19.642581939697266,
				7.7576918601989746,
				-1.6299895048141479
			],
			"rotation" : 
			[
				0.0,
				0.0,
				0.0
			],
			"scale" : 1.0,
			"specular" : 
			[
				1.0,
				1.0,
				1.0,
				10.0
			],
			"velocity" : 
			[
				-3.7683238983154297,
				-0.12094020843505859,
				-0.34835785627365112
			],
			"visible" : true,
			"wireFrame" : false
		},
		{
			"acceleration" : 
			[
				0.0,
				-1.0,
				0.0
			],
			"bounciness" : 0.80000001192092896,
			"collisionObjectInfo" : 
			{
				"radius" : 0.5
			},
			"collisionShapeType" : 3,
			"color" : 
			[
				0.60000002384185791,
				0.20000000298023224,
				1.0,
				1.0
			],
			"inverseMass" : 1.0,
			"meshName" : "sphere",
			"name" : "",
			"position" : 
			[
				-6.4253473281860352,
				14.675276756286621,
				-1.3187510967254639
			],
			"rotation" : 
			[
				0.0,
				0.0,
				0.0
			],
			"scale" : 1.0,
			"specular" : 
			[
				1.0,
				1.0,
				1.0,
				10.0
			],
			"velocity" : 
			[
				-1.9940210580825806,
				-3.0807797908782959,
				-0.076667629182338715
			],
			"visible" : true,
			"wireFrame" : false
		},
		{
			"acceleration" : 
			[
				0.0,
				-1.0,
				0.0
			],
			"bounciness" : 0.80000001192092896,
			"collisionObjectInfo" : 
			{
				"radius" : 0.5
			},
			"collisionShapeType" : 3,
			"color" : 
			[
				0.60000002384185791,
				0.20000000298023224,
				0.5,
				1.0
			],
			"inverseMass" : 1.0,
			"meshName" : "sphere",
			"name" : "",
			"position" : 
			[
				-0.0040193842723965645,
				22.738946914672852,
				0.1833040863275528
			],
			"rotation" : 
			[
				0.0,
				0.0,
				0.0
			],
			"scale" : 1.0,
			"specular" : 
			[
				1.0,
				1.0,
				1.0,
				10.0
			],
			"velocity" : 
			[
				0.038593273609876633,
				0.0041407453827559948,
				0.0082821091637015343
			],
			"visible" : true,
			"wireFrame" : false
		},
		{
			"acceleration" : 
			[
				0.0,
				-1.0,
				0.0
			],
			"bounciness" : 0.80000001192092896,
			"collisionObjectInfo" : 
			{
				"radius" : 0.5
			},
			"collisionShapeType" : 3,
			"color" : 
			[
				0.39999997615814209,
				0.20000000298023224,
				1.0,
				1.0
			],
			"inverseMass" : 1.0,
			"meshName" : "sphere",
			"name" : "",
			"position" : 
			[
				24.484157562255859,
				12.992427825927734,
				-5.384890079498291
			],
			"rotation" : 
			[
				0.0,
				0.0,
				0.0
			],
			"scale" : 1.0,
			"specular" : 
			[
				1.0,
				1.0,
				1.0,
				10.0
			],
			"velocity" : 
			[
				3.8327434062957764,
				0.32202404737472534,
				-1.2863739728927612
			],
			"visible" : true,
			"wireFrame" : false
		},
		{
			"acceleration" : 
			[
				0.0,
				-1.0,
				0.0
			],
			"bounciness" : 0.80000001192092896,
			"collisionObjectInfo" : 
			{
				"radius" : 0.5
			},
			"collisionShapeType" : 3,
			"color" : 
			[
				0.39999997615814209,
				0.20000000298023224,
				0.5,
				1.0
			],
			"inverseMass" : 1.0,
			"meshName" : "sphere",
			"name" : "",
			"position" : 
			[
				5.3492250442504883,
				15.03818416595459,
				14.915951728820801
			],
			"rotation" : 
			[
				0.0,
				0.0,
				0.0
			],
			"scale" : 1.0,
			"specular" : 
			[
				1.0,
				1.0,
				1.0,
				10.0
			],
			"velocity" : 
			[
				1.3232111930847168,
				-1.6952859163284302,
				2.5953624248504639
			],
			"visible" : true,
			"wireFrame" : false
		},
		{
			"acceleration" : 
			[
				0.0,
				-1.0,
				0.0
			],
			"bounciness" : 0.80000001192092896,
			"collisionObjectInfo" : 
			{
				"radius" : 0.5
			},
			"collisionShapeType" : 3,
			"color" : 
			[
				0.19999998807907104,
				0.20000000298023224,
				1.0,
				1.0
			],
			"inverseMass" : 1.0,
			"meshName" : "sphere",
			"name" : "",
			"position" : 
			[
				12.447903633117676,
				18.641845703125,
				-4.9273295402526855
			],