{
	"camera" : 
	{
		"cameraEye" : 
		[
			-0.34680578112602234,
			37.771511077880859,
			8.6279582977294922
		],
		"cameraFront" : 
		[
			0.31493031978607178,
			-0.77824288606643677,
			-0.54328346252441406
		],
		"cameraUp" : 
		[
			0.0,
			1.0,
			0.0
		],
		"pitch" : -51.0999755859375,
		"yaw" : -59.900009155273438
	},
	"gameObjects" : 
	[
		{
			"acceleration" : 
			[
				0.0,
				0.0,
				0.0
			],
			"bounciness" : 0.0,
			"collisionObjectInfo" : 
			{
				"max" : 
				[
					0.5,
					0.5,
					0.5
				],
				"min" : 
				[
					-0.5,
					-0.5,
					-0.5
				]
			},
			"collisionShapeType" : 1,
			"color" : 
			[
				0.10000000149011612,
				0.10000000149011612,
				1.0,
				1.0
			],
			"inverseMass" : 0.0,
			"meshName" : "cube",
			"name" : "cube1",
			"position" : 
			[
				2.0,
				25.0,
				0.0
			],
			"rotation" : 
			[
				0.0,
				0.0,
				0.0
			],
			"scale" : 1.0,
			"specular" : 
			[
				1.0,
				1.0,
				1.0,
				1.0
			],
			"velocity" : 
			[
				0.0,
				0.0,
				0.0
			],
			"visible" : true,
			"wireFrame" : false
		},
		{
			"acceleration" : 
			[
				0.0,
				0.0,
				0.0
			],
			"bounciness" : 0.0,
			"collisionObjectInfo" : 
			{
				"mesh" : "terrain"
			},
			"collisionShapeType" : 6,
			"color" : 
			[
				0.20000000298023224,
				0.30000001192092896,
				0.20000000298023224,
				1.0
			],
			"inverseMass" : 0.0,
			"meshName" : "terrain",
			"name" : "terrain1",
			"position" : 
			[
				0.0,
				0.0,
				0.0
			],
			"rotation" : 
			[
				0.0,
				0.0,
				0.0
			],
			"scale" : 1.0,
			"specular" : 
			[
				1.0,
				1.0,
				1.0,
				1000.0
			],
			"velocity" : 
			[
				0.0,
				0.0,
				0.0
			],
			"visible" : true,
			"wireFrame" : false
		},
		{
			"acceleration" : 
			[
				0.0,
				0.0,
				0.0
			],
			"bounciness" : 0.0,
			"collisionObjectInfo" : {},
			"collisionShapeType" : 0,
			"color" : 
			[
				1.0,
				1.0,
				1.0,
				1.0
			],
			"inverseMass" : 0.0,
			"meshName" : "bunny",
			"name" : "bunny1",
			"position" : 
			[
				5.647857666015625,
				27.749792098999023,
				0.0
			],
			"rotation" : 
			[
				0.0,
				0.0,
				0.0
			],
			"scale" : 2.6332836151123047,
			"specular" : 
			[
				1.0,
				1.0,
				1.0,
				10000.0
			],
			"velocity" : 
			[
				0.0,
				0.0,
				0.0
			],
			"visible" : true,
			"wireFrame" : false
		},
		{
			"acceleration" : 
			[
				0.0,
				0.0,
				0.0
			],
			"bounciness" : 0.0,
			"collisionObjectInfo" : {},
			"collisionShapeType" : 0,
			"color" : 
			[
				1.0,
				0.40000000596046448,
				0.0,
				1.0
			],
			"inverseMass" : 0.0,
			"meshName" : "carrot",
			"name" : "carrot1",
			"position" : 
			[
				4.0,
				27.0,
				1.0
			],
			"rotation" : 
			[
				0.0,
				0.0,
				0.0
			],
			"scale" : 1.5672580003738403,
			"specular" : 
			[
				1.0,
				1.0,
				1.0,
				10000.0
			],
			"velocity" : 
			[
				0.0,
				0.0,
				0.0
			],
			"visible" : true,
			"wireFrame" : false
		},
		{
			"acceleration" : 
			[
				0.0,
				0.0,
				0.0
			],
			"bounciness" : 0.0,
			"collisionObjectInfo" : {},
			"collisionShapeType" : 0,
			"color" : 
			[
				1.0,
				0.40000000596046448,
				0.0,
				1.0
			],
			"inverseMass" : 0.0,
			"meshName" : "carrot",
			"name" : "carrot2",
			"position" : 
			[
				4.0,
				27.0,
				-1.0
			],
			"rotation" : 
			[
				0.0,
				0.0,
				0.0
			],
			"scale" : 1.0,
			"specular" : 
			[
				1.0,
				1.0,
				1.0,
				10000.0
			],
			"velocity" : 
			[
				0.0,
				0.0,
				0.0
			],
			"visible" : true,
			"wireFrame" : false
		},
		{
			"acceleration" : 
			[
				0.0,
				-1.0,
				0.0
			],
			"bounciness" : 0.80000001192092896,
			"collisionObjectInfo" : 
			{
				"radius" : 0.5
			},
			"collisionShapeType" : 3,
			"color" : 
			[
				1.0,
				0.20000000298023224,
				1.0,
				1.0
			],
			"inverseMass" : 1.0,
			"meshName" : "sphere",
			"name" : "sphere00",
			"position" : 
			[
				-51.819564819335938,
				-4.8212661743164063,
				9.7732057571411133
			],
			"rotation" : 
			[
				0.0,
				0.0,
				0.0
			],
			"scale" : 1.0,
			"specular" : 
			[
				1.0,
				1.0,
				1.0,
				10.0
			],
			"velocity" : 
			[
				-0.0027866403106600046,
				0.016893194988369942,
				-0.00089041952742263675
			],
			"visible" : true,
			"wireFrame" : false
		},
		{
			"acceleration" : 
			[
				0.0,
				-1.0,
				0.0
			],
			"bounciness" : 0.80000001192092896,
			"collisionObjectInfo" : 
			{
				"radius" : 0.5
			},
			"collisionShapeType" : 3,
			"color" : 
			[
				1.0,
				0.20000000298023224,
				0.5,
				1.0
			],
			"inverseMass" : 1.0,
			"meshName" : "sphere",
			"name" : "sphere01",
			"position" : 
			[
				-39.496818542480469,
				-2.377394437789917,
				1.5947046279907227
			],
			"rotation" : 
			[
				0.0,
				0.0,
				0.0
			],
			"scale" : 1.0,
			"specular" : 
			[
				1.0,
				1.0,
				1.0,
				10.0
			],
			"velocity" : 
			[
				-0.011500194668769836,
				0.015469743870198727,
				-0.0095736002549529076
			],
			"visible" : true,
			"wireFrame" : false
		},
		{
			"acceleration" : 
			[
				0.0,
				-1.0,
				0.0
			],
			"bounciness" : 0.80000001192092896,
			"collisionObjectInfo" : 
			{
				"radius" : 0.5
			},
			"collisionShapeType" : 3,
			"color" : 
			[
				0.80000001192092896,
				0.20000000298023224,
				1.0,
				1.0
			],
			"inverseMass" : 1.0,
			"meshName" : "sphere",
			"name" : "sphere10",
			"position" : 
			[
				-52.947593688964844,
				-4.8083896636962891,
				8.1959524154663086
			],
			"rotation" : 
			[
				0.0,
				0.0,
				0.0
			],
			"scale" : 1.0,
			"specular" : 
			[
				1.0,
				1.0,
				1.0,
				10.0
			],
			"velocity" : 
			[
				0.00068497541360557079,
				0.016869297251105309,
				0.0034261352848261595
			],
			"visible" : true,
			"wireFrame" : false
		},
		{
			"acceleration" : 
			[
				0.0,
				-1.0,
				0.0
			],
			"bounciness" : 0.80000001192092896,
			"collisionObjectInfo" : 
			{
				"radius" : 0.5
			},
			"collisionShapeType" : 3,
			"color" : 
			[
				0.80000001192092896,
				0.20000000298023224,
				0.5,
				1.0
			],
			"inverseMass" : 1.0,
			"meshName" : "sphere",
			"name" : "sphere11",
			"position" : 
			[
				-40.003761291503906,
				-2.4803702831268311,
				-1.0728240013122559
			],
			"rotation" : 
			[
				0.0,
				0.0,
				0.0
			],
			"scale" : 1.0,
			"specular" : 
			[
				1.0,
				1.0,
				1.0,
				10.0
			],
			"velocity" : 
			[
				-0.0024669261183589697,
				0.016894293949007988,
				-0.0022391716483980417
			],
			"visible" : true,
			"wireFrame" : false
		},
		{
			"acceleration" : 
			[
				0.0,
				-1.0,
				0.0
			],
			"bounciness" : 0.80000001192092896,
			"collisionObjectInfo" : 
			{
				"radius" : 0.5
			},
			"collisionShapeType" : 3,
			"color" : 
			[
				0.60000002384185791,
				0.20000000298023224,
				1.0,
				1.0
			],
			"inverseMass" : 1.0,
			"meshName" : "sphere",
			"name" : "sphere20",
			"position" : 
			[
				-56.395542144775391,
				-4.501441478729248,
				11.162009239196777
			],
			"rotation" : 
			[
				0.0,
				0.0,
				0.0
			],
			"scale" : 1.0,
			"specular" : 
			[
				1.0,
				1.0,
				1.0,
				10.0
			],
			"velocity" : 
			[
				0.020794553682208061,
				0.012840809300541878,
				-0.013362899422645569
			],
			"visible" : true,
			"wireFrame" : false
		},
		{
			"acceleration" : 
			[
				0.0,
				-1.0,
				0.0
			],
			"bounciness" : 0.80000001192092896,
			"collisionObjectInfo" : 
			{
				"radius" : 0.5
			},
			"collisionShapeType" : 3,
			"color" : 
			[
				0.60000002384185791,
				0.20000000298023224,
				0.5,
				1.0
			],
			"inverseMass" : 1.0,
			"meshName" : "sphere",
			"name" : "sphere21",
			"position" : 
			[
				-40.708503723144531,
				-2.5064072608947754,
				0.95122021436691284
			],
			"rotation" : 
			[
				0.0,
				0.0,
				0.0
			],
			"scale" : 1.0,
			"specular" : 
			[
				1.0,
				1.0,
				1.0,
				10.0
			],
			"velocity" : 
			[
				-0.0094369640573859215,
				0.016360176727175713,
				-0.00078462139936164021
			],
			"visible" : true,