{
	"camera" : 
	{
		"cameraEye" : 
		[
			2.6228821277618408,
			0.60312420129776001,
			-0.45852220058441162
		],
		"cameraFront" : 
		[
			-0.96304875612258911,
			-0.24023164808750153,
			0.12176211178302765
		],
		"cameraUp" : 
		[
			0.0,
			1.0,
			0.0
		],
		"pitch" : -13.900211334228516,
		"yaw" : 1612.7940673828125
	},
	"gameObjects" : 
	[
		{
			"acceleration": [
				0.0,
				0.0,
				0.0
			],
			"bounciness": 0.0,
			"collisionObjectInfo": {},
			"collisionShapeType": 0,
			"color": [
				1.0,
				1.0,
				1.0,
				1.0
			],
			"inverseMass": 1.0,
			"meshName": "AssaultCarrier",
			"name": "carrier",
			"position": [
				0.0,
				0.0,
				0.0
			],
			"rotation": [
				0.0,
				0.0,
				0.0
			],
			"scale": 1.0,
			"specular": [
				1.0,
				1.0,
				1.0,
				10000.0
			],
			"textureName": "",
			"type": "basic",
			"velocity": [
				0.0,
				0.0,
				0.0
			],
			"visible": true,
			"wireFrame": false
		}
	],
	"lights": [
		{
			"atten": [
				0.0,
				0.0,
				0.0,
				0.0
			],
			"diffuse": [
				0.9,
				0.9,
				0.9,
				1.0
			],
			"direction": [
				1.0,
				-1.0,
				0.0,
				1.0
			],
			"param1": [
				2.0,
				0.0,
				0.0,
				0.0
			],
			"param2": [
				1.0,
				0.0,
				0.0,
				0.0
			],
			"position": [
				0.0,
				0.0,
				0.0,
				1.0
			],
			"specular": [
				0.0,
				0.0,
				0.0,
				0.0
			]
		},
		{
			"atten": [
				0.0,
				0.04,
				0.0,
				10000.0
			],
			"diffuse": [
				0.7,
				0.7,
				0.5,
				1.0
			],
			"direction": [
				0.0,
				0.0,
				0.0,
				1.0
			],
			"param1": [
				0.0,
				0.0,
				0.0,
				0.0
			],
			"param2": [
				1.0,
				0.0,
				0.0,
				0.0
			],
			"position": [
				0.0,
				0.0,
				0.0,
				0.0
			],
			"specular": [
				0.0,
				0.0,
				0.0,
				0.0
			]
		}
	],
	"world" : 
	{
		"ambience" : 
		[
			0.3,
			0.3,
			0.3,
			1.0
		],
		"factoryType" : "Basic",
		"gravity" : 
		[
			0.0,
			0.0,
			0.0
		]
	}
}