{
	"camera" : 
	{
		"cameraEye" : 
		[
			-3.3034203052520752,
			34.013923645019531,
			14.359391212463379
		],
		"cameraFront" : 
		[
			0.022690026089549065,
			-0.72896867990493774,
			-0.68417090177536011
		],
		"cameraUp" : 
		[
			0.0,
			1.0,
			0.0
		],
		"pitch" : -46.800006866455078,
		"yaw" : 271.89947509765625
	},
	"gameObjects" : 
	[
		{
			"acceleration" : 
			[
				0.0,
				0.0,
				0.0
			],
			"bounciness" : 0.0,
			"collisionObjectInfo" : 
			{
				"mesh" : "terrain"
			},
			"collisionShapeType" : 6,
			"color" : 
			[
				0.20000000298023224,
				0.30000001192092896,
				0.20000000298023224,
				1.0
			],
			"inverseMass" : 0.0,
			"meshName" : "terrain",
			"name" : "terrain1",
			"position" : 
			[
				0.0,
				0.0,
				0.0
			],
			"rotation" : 
			[
				0.0,
				0.0,
				0.0
			],
			"scale" : 1.0,
			"specular" : 
			[
				1.0,
				1.0,
				1.0,
				1000.0
			],
			"velocity" : 
			[
				0.0,
				0.0,
				0.0
			],
			"visible" : true,
			"wireFrame" : false
		},
		{
			"acceleration" : 
			[
				0.0,
				0.0,
				0.0
			],
			"bounciness" : 0.0,
			"collisionObjectInfo" : {},
			"collisionShapeType" : 0,
			"color" : 
			[
				1.0,
				1.0,
				1.0,
				1.0
			],
			"inverseMass" : 0.0,
			"meshName" : "bunny",
			"name" : "bunny1",
			"position" : 
			[
				5.0,
				27.0,
				0.0
			],
			"rotation" : 
			[
				0.0,
				0.0,
				0.0
			],
			"scale" : 1.0,
			"specular" : 
			[
				1.0,
				1.0,
				1.0,
				10000.0
			],
			"velocity" : 
			[
				0.0,
				0.0,
				0.0
			],
			"visible" : true,
			"wireFrame" : false
		},
		{
			"acceleration" : 
			[
				0.0,
				0.0,
				0.0
			],
			"bounciness" : 0.0,
			"collisionObjectInfo" : {},
			"collisionShapeType" : 0,
			"color" : 
			[
				1.0,
				0.40000000596046448,
				0.0,
				1.0
			],
			"inverseMass" : 0.0,
			"meshName" : "carrot",
			"name" : "carrot1",
			"position" : 
			[
				4.0,
				27.0,
				1.0
			],
			"rotation" : 
			[
				0.0,
				0.0,
				0.0
			],
			"scale" : 1.0,
			"specular" : 
			[
				1.0,
				1.0,
				1.0,
				10000.0
			],
			"velocity" : 
			[
				0.0,
				0.0,
				0.0
			],
			"visible" : true,
			"wireFrame" : false
		},
		{
			"acceleration" : 
			[
				0.0,
				0.0,
				0.0
			],
			"bounciness" : 0.0,
			"collisionObjectInfo" : {},
			"collisionShapeType" : 0,
			"color" : 
			[
				1.0,
				0.40000000596046448,
				0.0,
				1.0
			],
			"inverseMass" : 0.0,
			"meshName" : "carrot",
			"name" : "carrot2",
			"position" : 
			[
				4.0,
				27.0,
				-1.0
			],
			"rotation" : 
			[
				0.0,
				0.0,
				0.0
			],
			"scale" : 1.0,
			"specular" : 
			[
				1.0,
				1.0,
				1.0,
				10000.0
			],
			"velocity" : 
			[
				0.0,
				0.0,
				0.0
			],
			"visible" : true,
			"wireFrame" : false
		},
		{
			"acceleration" : 
			[
				0.0,
				0.0,
				0.0
			],
			"bounciness" : 0.0,
			"collisionObjectInfo" : {},
			"collisionShapeType" : 0,
			"color" : 
			[
				0.10000000149011612,
				0.80000001192092896,
				0.10000000149011612,
				1.0
			],
			"inverseMass" : 0.0,
			"meshName" : "fir_tree",
			"name" : "firtree1",
			"position" : 
			[
				8.0,
				14.0,
				1.0
			],
			"rotation" : 
			[
				0.0,
				0.0,
				0.0
			],
			"scale" : 1.0,
			"specular" : 
			[
				1.0,
				1.0,
				1.0,
				10000.0
			],
			"velocity" : 
			[
				0.0,
				0.0,
				0.0
			],
			"visible" : true,
			"wireFrame" : false
		},
		{
			"acceleration" : 
			[
				0.0,
				0.0,
				0.0
			],
			"bounciness" : 0.0,
			"collisionObjectInfo" : {},
			"collisionShapeType" : 0,
			"color" : 
			[
				1.0,
				0.20000000298023224,
				0.20000000298023224,
				0.5
			],
			"inverseMass" : 0.0,
			"meshName" : "crystal",
			"name" : "redcrystal1",
			"position" : 
			[
				12.0,
				14.0,
				1.0
			],
			"rotation" : 
			[
				0.0,
				0.0,
				0.0
			],
			"scale" : 1.0,
			"specular" : 
			[
				1.0,
				1.0,
				1.0,
				10000.0
			],
			"velocity" : 
			[
				0.0,
				0.0,
				0.0
			],
			"visible" : true,
			"wireFrame" : false
		},
		{
			"acceleration" : 
			[
				0.0,
				0.0,
				0.0
			],
			"bounciness" : 0.0,
			"collisionObjectInfo" : {},
			"collisionShapeType" : 0,
			"color" : 
			[
				1.0,
				0.20000000298023224,
				0.20000000298023224,
				0.5
			],
			"inverseMass" : 0.0,
			"meshName" : "crystal",
			"name" : "redcrystal2",
			"position" : 
			[
				-0.90017271041870117,
				16.50562858581543,
				16.944831848144531
			],
			"rotation" : 
			[
				0.0,
				0.0,
				0.0
			],
			"scale" : 1.0,
			"specular" : 
			[
				1.0,
				1.0,
				1.0,
				10000.0
			],
			"velocity" : 
			[
				0.0,
				0.0,
				0.0
			],
			"visible" : true,
			"wireFrame" : false
		},
		{
			"acceleration" : 
			[
				0.0,
				0.0,
				0.0
			],
			"bounciness" : 0.0,
			"collisionObjectInfo" : {},
			"collisionShapeType" : 0,
			"color" : 
			[
				1.0,
				0.20000000298023224,
				0.20000000298023224,
				0.5
			],
			"inverseMass" : 0.0,
			"meshName" : "crystal",
			"name" : "redcrystal3",
			"position" : 
			[
				-7.2469749450683594,
				12.046649932861328,
				1.0
			],
			"rotation" : 
			[
				0.0,
				0.0,
				0.0
			],
			"scale" : 1.0,
			"specular" : 
			[
				1.0,
				1.0,
				1.0,
				10000.0
			],
			"velocity" : 
			[
				0.0,
				0.0,
				0.0
			],
			"visible" : true,
			"wireFrame" : false
		},
		{
			"acceleration" : 
			[
				0.0,
				0.0,
				0.0
			],
			"bounciness" : 0.0,
			"collisionObjectInfo" : {},
			"collisionShapeType" : 0,
			"color" : 
			[
				0.40000000596046448,
				0.40000000596046448,
				1.0,
				0.5
			],
			"inverseMass" : 0.0,
			"meshName" : "crystal",
			"name" : "bluecrystal1",
			"position" : 
			[
				9.9553327560424805,
				12.505205154418945,
				9.8488626480102539
			],
			"rotation" : 
			[
				0.0,
				0.0,
				0.0
			],
			"scale" : 1.0,
			"specular" : 
			[
				1.0,
				1.0,
				1.0,
				100.0
			],
			"velocity" : 
			[
				0.0,
				0.0,
				0.0
			],
			"visible" : true,
			"wireFrame" : false
		},
		{
			"acceleration" : 
			[
				0.0,
				0.0,
				0.0
			],
			"bounciness" : 0.0,
			"collisionObjectInfo" : {},
			"collisionShapeType" : 0,
			"color" : 
			[
				0.40000000596046448,
				0.40000000596046448,
				1.0,
				0.5
			],
			"inverseMass" : 0.0,
			"meshName" : "crystal",
			"name" : "bluecrystal2",
			"position" : 
			[
				0.55182945728302002,
				20.853403091430664,
				-10.345176696777344
			],
			"rotation" : 
			[
				0.0,
				0.0,
				0.0
			],
			"scale" : 1.0,
			"specular" : 
			[
				1.0,
				1.0,
				1.0,
				100.0
			],
			"velocity" : 
			[
				0.0,
				0.0,
				0.0
			],
			"visible" : true,
			"wireFrame" : false
		},
		{
			"acceleration" : 
			[
				0.0,
				0.0,
				0.0
			],
			"bounciness" : 0.0,
			"collisionObjectInfo" : {},
			"collisionShapeType" : 0,
			"color" : 
			[
				0.40000000596046448,
				0.40000000596046448,
				1.0,
				0.5
			],
			"inverseMass" : 0.0,
			"meshName" : "crystal",
			"name" : "bluecrystal3",
			"position" : 
			[
				-9.9988851547241211,
				9.3479070663452148,
				2.9057314395904541
			],
			"rotation" : 
			[
				0.0,
				0.0,
				0.0
			],
			"scale" : 1.0,
			"specular" : 
			[
				1.0,
				1.0,
				1.0,
				10000.0
			],
			"velocity" : 
			[
				0.0,
				0.0,
				0.0
			],
			"visible" : true,
			"wireFrame" : false
		},
		{
			"acceleration" : 
			[
				0.0,
				-1.0,
				0.0
			],
			"bounciness" : 0.80000001192092896,
			"collisionObjectInfo" : 
			{
				"radius" : 0.5
			},
			"collisionShapeType" : 3,
			"color" : 
			[
				1.0,
				0.20000000298023224,
				1.0,
				1.0
			],
			"inverseMass" : 1.0,
			"meshName" : "sphere",
			"name" : "sphere00",
			"position" : 
			[
				-52.051063537597656,
				-4.8230152130126953,
				9.9458436965942383
			],
			"rotation" : 
			[
				0.0,
				0.0,
				0.0
			],
			"scale" : 1.0,
			"specular" : 
			[
				1.0,
				1.0,
				1.0,
				10.0
			],
			"velocity" : 
			[
				-0.00031515883165411651,
				0.014927851036190987,
				0.00022569527209270746
			],
			"visible" : true,